AirTemperature,RadiantTemperature,AirVelocity,Humidity,Clo,PMV
22.141151529412017,20.2389742518951,0.13839304500669483,20.0,1.3273544847854863,0.1
19.46319522224217,23.72397545148857,0.16444097213288653,32.30892486947223,1.1983148576099656,-0.02
22.45622158059555,20.914294045373328,0.2895228283632169,41.06792316508848,1.096443806112298,-0.09
22.1871859272559,20.57002571141839,0.11738549650439521,38.89327400533375,1.1169743461520478,0.03
20.38554399250822,20.435396878673714,0.190681104219252,31.219788567616636,1.4149018781507883,0.03
24.02301762371258,22.71259048580058,0.5905355319675482,35.84495074168918,0.9729967764411087,-0.08
17.92599625360186,19.150326387140026,0.0893090233396937,50.560713093980425,1.3947338109308378,-0.1
